./cub200/CUB_200_2011/images/061.Heermann_Gull/Heermann_Gull_0142_45798.jpg 60 0
./cub200/CUB_200_2011/images/044.Frigatebird/Frigatebird_0049_43044.jpg 43 1
./cub200/CUB_200_2011/images/152.Blue_headed_Vireo/Blue_Headed_Vireo_0122_156017.jpg 151 2
./cub200/CUB_200_2011/images/002.Laysan_Albatross/Laysan_Albatross_0076_671.jpg 1 3
./cub200/CUB_200_2011/images/084.Red_legged_Kittiwake/Red_Legged_Kittiwake_0069_795435.jpg 83 4
./cub200/CUB_200_2011/images/016.Painted_Bunting/Painted_Bunting_0046_16535.jpg 15 5
./cub200/CUB_200_2011/images/080.Green_Kingfisher/Green_Kingfisher_0081_70953.jpg 79 6
./cub200/CUB_200_2011/images/137.Cliff_Swallow/Cliff_Swallow_0062_134383.jpg 136 7
./cub200/CUB_200_2011/images/019.Gray_Catbird/Gray_Catbird_0027_20968.jpg 18 8
./cub200/CUB_200_2011/images/099.Ovenbird/Ovenbird_0090_93375.jpg 98 9
./cub200/CUB_200_2011/images/111.Loggerhead_Shrike/Loggerhead_Shrike_0046_104998.jpg 110 10
./cub200/CUB_200_2011/images/079.Belted_Kingfisher/Belted_Kingfisher_0056_70516.jpg 78 11
./cub200/CUB_200_2011/images/054.Blue_Grosbeak/Blue_Grosbeak_0066_36632.jpg 53 12
./cub200/CUB_200_2011/images/148.Green_tailed_Towhee/Green_Tailed_Towhee_0096_154945.jpg 147 13
./cub200/CUB_200_2011/images/176.Prairie_Warbler/Prairie_Warbler_0073_172771.jpg 175 14
./cub200/CUB_200_2011/images/169.Magnolia_Warbler/Magnolia_Warbler_0040_165921.jpg 168 15
./cub200/CUB_200_2011/images/018.Spotted_Catbird/Spotted_Catbird_0010_19436.jpg 17 16
./cub200/CUB_200_2011/images/126.Nelson_Sharp_tailed_Sparrow/Nelson_Sharp_Tailed_Sparrow_0068_796930.jpg 125 17
./cub200/CUB_200_2011/images/147.Least_Tern/Least_Tern_0052_154021.jpg 146 18
./cub200/CUB_200_2011/images/021.Eastern_Towhee/Eastern_Towhee_0002_22318.jpg 20 19
./cub200/CUB_200_2011/images/176.Prairie_Warbler/Prairie_Warbler_0120_173097.jpg 175 20
./cub200/CUB_200_2011/images/139.Scarlet_Tanager/Scarlet_Tanager_0130_138661.jpg 138 21
./cub200/CUB_200_2011/images/191.Red_headed_Woodpecker/Red_Headed_Woodpecker_0022_183010.jpg 190 22
./cub200/CUB_200_2011/images/197.Marsh_Wren/Marsh_Wren_0058_188107.jpg 196 23
./cub200/CUB_200_2011/images/018.Spotted_Catbird/Spotted_Catbird_0025_796819.jpg 17 24
./cub200/CUB_200_2011/images/060.Glaucous_winged_Gull/Glaucous_Winged_Gull_0132_44435.jpg 59 25
./cub200/CUB_200_2011/images/151.Black_capped_Vireo/Black_Capped_Vireo_0040_797463.jpg 150 26
./cub200/CUB_200_2011/images/179.Tennessee_Warbler/Tennessee_Warbler_0100_175168.jpg 178 27
./cub200/CUB_200_2011/images/096.Hooded_Oriole/Hooded_Oriole_0069_90981.jpg 95 28
./cub200/CUB_200_2011/images/046.Gadwall/Gadwall_0096_31560.jpg 45 29
./cub200/CUB_200_2011/images/092.Nighthawk/Nighthawk_0041_82183.jpg 91 30
./cub200/CUB_200_2011/images/116.Chipping_Sparrow/Chipping_Sparrow_0045_109985.jpg 115 31
./cub200/CUB_200_2011/images/061.Heermann_Gull/Heermann_Gull_0015_41392.jpg 60 32
./cub200/CUB_200_2011/images/031.Black_billed_Cuckoo/Black_Billed_Cuckoo_0084_26175.jpg 30 33
./cub200/CUB_200_2011/images/118.House_Sparrow/House_Sparrow_0067_112913.jpg 117 34
./cub200/CUB_200_2011/images/063.Ivory_Gull/Ivory_Gull_0096_49487.jpg 62 35
./cub200/CUB_200_2011/images/023.Brandt_Cormorant/Brandt_Cormorant_0038_23110.jpg 22 36
./cub200/CUB_200_2011/images/001.Black_footed_Albatross/Black_Footed_Albatross_0068_796135.jpg 0 37
./cub200/CUB_200_2011/images/167.Hooded_Warbler/Hooded_Warbler_0040_165173.jpg 166 38
./cub200/CUB_200_2011/images/074.Florida_Jay/Florida_Jay_0071_64993.jpg 73 39
./cub200/CUB_200_2011/images/126.Nelson_Sharp_tailed_Sparrow/Nelson_Sharp_Tailed_Sparrow_0064_117965.jpg 125 40
./cub200/CUB_200_2011/images/155.Warbling_Vireo/Warbling_Vireo_0067_158283.jpg 154 41
./cub200/CUB_200_2011/images/199.Winter_Wren/Winter_Wren_0051_189990.jpg 198 42
./cub200/CUB_200_2011/images/160.Black_throated_Blue_Warbler/Black_Throated_Blue_Warbler_0061_161667.jpg 159 43
./cub200/CUB_200_2011/images/034.Gray_crowned_Rosy_Finch/Gray_Crowned_Rosy_Finch_0068_27196.jpg 33 44
./cub200/CUB_200_2011/images/081.Pied_Kingfisher/Pied_Kingfisher_0080_72199.jpg 80 45
./cub200/CUB_200_2011/images/111.Loggerhead_Shrike/Loggerhead_Shrike_0051_105447.jpg 110 46
./cub200/CUB_200_2011/images/098.Scott_Oriole/Scott_Oriole_0001_795826.jpg 97 47
./cub200/CUB_200_2011/images/090.Red_breasted_Merganser/Red_Breasted_Merganser_0040_79207.jpg 89 48
./cub200/CUB_200_2011/images/156.White_eyed_Vireo/White_Eyed_Vireo_0019_159095.jpg 155 49
./cub200/CUB_200_2011/images/163.Cape_May_Warbler/Cape_May_Warbler_0031_163012.jpg 162 50
./cub200/CUB_200_2011/images/028.Brown_Creeper/Brown_Creeper_0002_24838.jpg 27 51
./cub200/CUB_200_2011/images/004.Groove_billed_Ani/Groove_Billed_Ani_0076_1661.jpg 3 52
./cub200/CUB_200_2011/images/112.Great_Grey_Shrike/Great_Grey_Shrike_0020_797052.jpg 111 53
./cub200/CUB_200_2011/images/069.Rufous_Hummingbird/Rufous_Hummingbird_0091_60551.jpg 68 54
./cub200/CUB_200_2011/images/022.Chuck_will_Widow/Chuck_Will_Widow_0004_796957.jpg 21 55
./cub200/CUB_200_2011/images/145.Elegant_Tern/Elegant_Tern_0052_150695.jpg 144 56
./cub200/CUB_200_2011/images/085.Horned_Lark/Horned_Lark_0130_74001.jpg 84 57
./cub200/CUB_200_2011/images/084.Red_legged_Kittiwake/Red_Legged_Kittiwake_0068_795430.jpg 83 58
./cub200/CUB_200_2011/images/113.Baird_Sparrow/Baird_Sparrow_0047_787318.jpg 112 59
./cub200/CUB_200_2011/images/102.Western_Wood_Pewee/Western_Wood_Pewee_0011_98205.jpg 101 60
./cub200/CUB_200_2011/images/193.Bewick_Wren/Bewick_Wren_0049_185339.jpg 192 61
./cub200/CUB_200_2011/images/140.Summer_Tanager/Summer_Tanager_0088_139473.jpg 139 62
./cub200/CUB_200_2011/images/186.Cedar_Waxwing/Cedar_Waxwing_0026_178878.jpg 185 63
./cub200/CUB_200_2011/images/103.Sayornis/Sayornis_0129_98924.jpg 102 64
./cub200/CUB_200_2011/images/110.Geococcyx/Geococcyx_0084_104574.jpg 109 65
./cub200/CUB_200_2011/images/117.Clay_colored_Sparrow/Clay_Colored_Sparrow_0081_110682.jpg 116 66
./cub200/CUB_200_2011/images/183.Northern_Waterthrush/Northern_Waterthrush_0044_176961.jpg 182 67
./cub200/CUB_200_2011/images/042.Vermilion_Flycatcher/Vermilion_Flycatcher_0045_42219.jpg 41 68
./cub200/CUB_200_2011/images/124.Le_Conte_Sparrow/Le_Conte_Sparrow_0040_117088.jpg 123 69
./cub200/CUB_200_2011/images/137.Cliff_Swallow/Cliff_Swallow_0058_133060.jpg 136 70
./cub200/CUB_200_2011/images/010.Red_winged_Blackbird/Red_Winged_Blackbird_0066_5070.jpg 9 71
./cub200/CUB_200_2011/images/132.White_crowned_Sparrow/White_Crowned_Sparrow_0034_126199.jpg 131 72
./cub200/CUB_200_2011/images/019.Gray_Catbird/Gray_Catbird_0131_19633.jpg 18 73
./cub200/CUB_200_2011/images/023.Brandt_Cormorant/Brandt_Cormorant_0016_23077.jpg 22 74
./cub200/CUB_200_2011/images/155.Warbling_Vireo/Warbling_Vireo_0119_158819.jpg 154 75
./cub200/CUB_200_2011/images/147.Least_Tern/Least_Tern_0038_153087.jpg 146 76
./cub200/CUB_200_2011/images/112.Great_Grey_Shrike/Great_Grey_Shrike_0009_797038.jpg 111 77
./cub200/CUB_200_2011/images/185.Bohemian_Waxwing/Bohemian_Waxwing_0006_796651.jpg 184 78
./cub200/CUB_200_2011/images/038.Great_Crested_Flycatcher/Great_Crested_Flycatcher_0108_29712.jpg 37 79
./cub200/CUB_200_2011/images/116.Chipping_Sparrow/Chipping_Sparrow_0076_108919.jpg 115 80
./cub200/CUB_200_2011/images/027.Shiny_Cowbird/Shiny_Cowbird_0019_24323.jpg 26 81
./cub200/CUB_200_2011/images/017.Cardinal/Cardinal_0079_19044.jpg 16 82
./cub200/CUB_200_2011/images/021.Eastern_Towhee/Eastern_Towhee_0068_22194.jpg 20 83
./cub200/CUB_200_2011/images/131.Vesper_Sparrow/Vesper_Sparrow_0044_125470.jpg 130 84
./cub200/CUB_200_2011/images/143.Caspian_Tern/Caspian_Tern_0075_147650.jpg 142 85
./cub200/CUB_200_2011/images/177.Prothonotary_Warbler/Prothonotary_Warbler_0062_174412.jpg 176 86
./cub200/CUB_200_2011/images/161.Blue_winged_Warbler/Blue_Winged_Warbler_0043_161804.jpg 160 87
./cub200/CUB_200_2011/images/063.Ivory_Gull/Ivory_Gull_0107_49186.jpg 62 88
./cub200/CUB_200_2011/images/152.Blue_headed_Vireo/Blue_Headed_Vireo_0010_156344.jpg 151 89
./cub200/CUB_200_2011/images/083.White_breasted_Kingfisher/White_Breasted_Kingfisher_0123_73211.jpg 82 90
./cub200/CUB_200_2011/images/172.Nashville_Warbler/Nashville_Warbler_0100_167226.jpg 171 91
./cub200/CUB_200_2011/images/169.Magnolia_Warbler/Magnolia_Warbler_0053_165682.jpg 168 92
./cub200/CUB_200_2011/images/026.Bronzed_Cowbird/Bronzed_Cowbird_0008_796250.jpg 25 93
./cub200/CUB_200_2011/images/090.Red_breasted_Merganser/Red_Breasted_Merganser_0049_79432.jpg 89 94
./cub200/CUB_200_2011/images/112.Great_Grey_Shrike/Great_Grey_Shrike_0058_106634.jpg 111 95
./cub200/CUB_200_2011/images/109.American_Redstart/American_Redstart_0089_103187.jpg 108 96
./cub200/CUB_200_2011/images/178.Swainson_Warbler/Swainson_Warbler_0048_794887.jpg 177 97
./cub200/CUB_200_2011/images/098.Scott_Oriole/Scott_Oriole_0024_92302.jpg 97 98
./cub200/CUB_200_2011/images/091.Mockingbird/Mockingbird_0103_79659.jpg 90 99
./cub200/CUB_200_2011/images/108.White_necked_Raven/White_Necked_Raven_0020_102730.jpg 107 100
./cub200/CUB_200_2011/images/116.Chipping_Sparrow/Chipping_Sparrow_0080_108685.jpg 115 101
./cub200/CUB_200_2011/images/056.Pine_Grosbeak/Pine_Grosbeak_0114_38259.jpg 55 102
./cub200/CUB_200_2011/images/174.Palm_Warbler/Palm_Warbler_0040_169922.jpg 173 103
./cub200/CUB_200_2011/images/069.Rufous_Hummingbird/Rufous_Hummingbird_0102_59414.jpg 68 104
./cub200/CUB_200_2011/images/107.Common_Raven/Common_Raven_0121_101744.jpg 106 105
./cub200/CUB_200_2011/images/198.Rock_Wren/Rock_Wren_0045_189153.jpg 197 106
./cub200/CUB_200_2011/images/031.Black_billed_Cuckoo/Black_Billed_Cuckoo_0096_26204.jpg 30 107
./cub200/CUB_200_2011/images/138.Tree_Swallow/Tree_Swallow_0040_135172.jpg 137 108
./cub200/CUB_200_2011/images/189.Red_bellied_Woodpecker/Red_Bellied_Woodpecker_0066_182253.jpg 188 109
./cub200/CUB_200_2011/images/107.Common_Raven/Common_Raven_0068_101216.jpg 106 110
./cub200/CUB_200_2011/images/074.Florida_Jay/Florida_Jay_0054_65046.jpg 73 111
./cub200/CUB_200_2011/images/119.Field_Sparrow/Field_Sparrow_0105_113822.jpg 118 112
./cub200/CUB_200_2011/images/001.Black_footed_Albatross/Black_Footed_Albatross_0014_89.jpg 0 113
./cub200/CUB_200_2011/images/106.Horned_Puffin/Horned_Puffin_0001_100973.jpg 105 114
./cub200/CUB_200_2011/images/117.Clay_colored_Sparrow/Clay_Colored_Sparrow_0033_797255.jpg 116 115
./cub200/CUB_200_2011/images/157.Yellow_throated_Vireo/Yellow_Throated_Vireo_0070_159602.jpg 156 116
./cub200/CUB_200_2011/images/065.Slaty_backed_Gull/Slaty_Backed_Gull_0043_796009.jpg 64 117
./cub200/CUB_200_2011/images/120.Fox_Sparrow/Fox_Sparrow_0086_115484.jpg 119 118
./cub200/CUB_200_2011/images/012.Yellow_headed_Blackbird/Yellow_Headed_Blackbird_0007_8366.jpg 11 119
./cub200/CUB_200_2011/images/182.Yellow_Warbler/Yellow_Warbler_0043_176247.jpg 181 120
./cub200/CUB_200_2011/images/101.White_Pelican/White_Pelican_0075_96422.jpg 100 121
./cub200/CUB_200_2011/images/036.Northern_Flicker/Northern_Flicker_0095_28938.jpg 35 122
./cub200/CUB_200_2011/images/136.Barn_Swallow/Barn_Swallow_0005_130591.jpg 135 123
./cub200/CUB_200_2011/images/011.Rusty_Blackbird/Rusty_Blackbird_0107_6839.jpg 10 124
./cub200/CUB_200_2011/images/178.Swainson_Warbler/Swainson_Warbler_0040_794860.jpg 177 125
./cub200/CUB_200_2011/images/111.Loggerhead_Shrike/Loggerhead_Shrike_0041_105002.jpg 110 126
./cub200/CUB_200_2011/images/103.Sayornis/Sayornis_0076_98941.jpg 102 127
./cub200/CUB_200_2011/images/115.Brewer_Sparrow/Brewer_Sparrow_0029_796699.jpg 114 128
./cub200/CUB_200_2011/images/122.Harris_Sparrow/Harris_Sparrow_0028_116656.jpg 121 129
./cub200/CUB_200_2011/images/138.Tree_Swallow/Tree_Swallow_0103_137272.jpg 137 130
./cub200/CUB_200_2011/images/072.Pomarine_Jaeger/Pomarine_Jaeger_0061_795788.jpg 71 131
./cub200/CUB_200_2011/images/174.Palm_Warbler/Palm_Warbler_0136_170276.jpg 173 132
./cub200/CUB_200_2011/images/147.Least_Tern/Least_Tern_0060_153190.jpg 146 133
./cub200/CUB_200_2011/images/080.Green_Kingfisher/Green_Kingfisher_0032_71050.jpg 79 134
./cub200/CUB_200_2011/images/064.Ring_billed_Gull/Ring_Billed_Gull_0119_51551.jpg 63 135
./cub200/CUB_200_2011/images/199.Winter_Wren/Winter_Wren_0065_189675.jpg 198 136
./cub200/CUB_200_2011/images/156.White_eyed_Vireo/White_Eyed_Vireo_0042_159012.jpg 155 137
./cub200/CUB_200_2011/images/054.Blue_Grosbeak/Blue_Grosbeak_0103_36673.jpg 53 138
./cub200/CUB_200_2011/images/002.Laysan_Albatross/Laysan_Albatross_0085_564.jpg 1 139
./cub200/CUB_200_2011/images/175.Pine_Warbler/Pine_Warbler_0022_172197.jpg 174 140
./cub200/CUB_200_2011/images/078.Gray_Kingbird/Gray_Kingbird_0080_70077.jpg 77 141
./cub200/CUB_200_2011/images/067.Anna_Hummingbird/Anna_Hummingbird_0109_57022.jpg 66 142
./cub200/CUB_200_2011/images/006.Least_Auklet/Least_Auklet_0015_795065.jpg 5 143
./cub200/CUB_200_2011/images/191.Red_headed_Woodpecker/Red_Headed_Woodpecker_0071_183132.jpg 190 144
./cub200/CUB_200_2011/images/189.Red_bellied_Woodpecker/Red_Bellied_Woodpecker_0042_181062.jpg 188 145
./cub200/CUB_200_2011/images/104.American_Pipit/American_Pipit_0039_99841.jpg 103 146
./cub200/CUB_200_2011/images/187.American_Three_toed_Woodpecker/American_Three_Toed_Woodpecker_0027_796147.jpg 186 147
./cub200/CUB_200_2011/images/013.Bobolink/Bobolink_0020_9194.jpg 12 148
./cub200/CUB_200_2011/images/149.Brown_Thrasher/Brown_Thrasher_0051_155344.jpg 148 149
./cub200/CUB_200_2011/images/151.Black_capped_Vireo/Black_Capped_Vireo_0003_797467.jpg 150 150
./cub200/CUB_200_2011/images/135.Bank_Swallow/Bank_Swallow_0044_129687.jpg 134 151
./cub200/CUB_200_2011/images/167.Hooded_Warbler/Hooded_Warbler_0043_164864.jpg 166 152
./cub200/CUB_200_2011/images/168.Kentucky_Warbler/Kentucky_Warbler_0013_165228.jpg 167 153
./cub200/CUB_200_2011/images/147.Least_Tern/Least_Tern_0006_153921.jpg 146 154
./cub200/CUB_200_2011/images/060.Glaucous_winged_Gull/Glaucous_Winged_Gull_0096_45012.jpg 59 155
./cub200/CUB_200_2011/images/043.Yellow_bellied_Flycatcher/Yellow_Bellied_Flycatcher_0054_42709.jpg 42 156
./cub200/CUB_200_2011/images/177.Prothonotary_Warbler/Prothonotary_Warbler_0084_173939.jpg 176 157
./cub200/CUB_200_2011/images/044.Frigatebird/Frigatebird_0119_43042.jpg 43 158
./cub200/CUB_200_2011/images/144.Common_Tern/Common_Tern_0098_148785.jpg 143 159
./cub200/CUB_200_2011/images/050.Eared_Grebe/Eared_Grebe_0029_34258.jpg 49 160
./cub200/CUB_200_2011/images/038.Great_Crested_Flycatcher/Great_Crested_Flycatcher_0009_29831.jpg 37 161
./cub200/CUB_200_2011/images/180.Wilson_Warbler/Wilson_Warbler_0059_175249.jpg 179 162
./cub200/CUB_200_2011/images/134.Cape_Glossy_Starling/Cape_Glossy_Starling_0091_129470.jpg 133 163
./cub200/CUB_200_2011/images/179.Tennessee_Warbler/Tennessee_Warbler_0031_174802.jpg 178 164
./cub200/CUB_200_2011/images/065.Slaty_backed_Gull/Slaty_Backed_Gull_0081_53264.jpg 64 165
./cub200/CUB_200_2011/images/190.Red_cockaded_Woodpecker/Red_Cockaded_Woodpecker_0059_794709.jpg 189 166
./cub200/CUB_200_2011/images/170.Mourning_Warbler/Mourning_Warbler_0042_166493.jpg 169 167
./cub200/CUB_200_2011/images/125.Lincoln_Sparrow/Lincoln_Sparrow_0109_117940.jpg 124 168
./cub200/CUB_200_2011/images/031.Black_billed_Cuckoo/Black_Billed_Cuckoo_0054_26313.jpg 30 169
./cub200/CUB_200_2011/images/156.White_eyed_Vireo/White_Eyed_Vireo_0040_159101.jpg 155 170
./cub200/CUB_200_2011/images/190.Red_cockaded_Woodpecker/Red_Cockaded_Woodpecker_0029_794724.jpg 189 171
./cub200/CUB_200_2011/images/157.Yellow_throated_Vireo/Yellow_Throated_Vireo_0032_159632.jpg 156 172
./cub200/CUB_200_2011/images/005.Crested_Auklet/Crested_Auklet_0040_794912.jpg 4 173
./cub200/CUB_200_2011/images/037.Acadian_Flycatcher/Acadian_Flycatcher_0035_795618.jpg 36 174
./cub200/CUB_200_2011/images/034.Gray_crowned_Rosy_Finch/Gray_Crowned_Rosy_Finch_0016_27181.jpg 33 175
./cub200/CUB_200_2011/images/100.Brown_Pelican/Brown_Pelican_0025_95218.jpg 99 176
./cub200/CUB_200_2011/images/088.Western_Meadowlark/Western_Meadowlark_0015_78610.jpg 87 177
./cub200/CUB_200_2011/images/025.Pelagic_Cormorant/Pelagic_Cormorant_0038_23643.jpg 24 178
./cub200/CUB_200_2011/images/032.Mangrove_Cuckoo/Mangrove_Cuckoo_0034_26415.jpg 31 179
./cub200/CUB_200_2011/images/008.Rhinoceros_Auklet/Rhinoceros_Auklet_0015_2160.jpg 7 180
./cub200/CUB_200_2011/images/198.Rock_Wren/Rock_Wren_0059_188941.jpg 197 181
./cub200/CUB_200_2011/images/081.Pied_Kingfisher/Pied_Kingfisher_0122_71789.jpg 80 182
./cub200/CUB_200_2011/images/067.Anna_Hummingbird/Anna_Hummingbird_0091_56004.jpg 66 183
./cub200/CUB_200_2011/images/183.Northern_Waterthrush/Northern_Waterthrush_0080_177080.jpg 182 184
./cub200/CUB_200_2011/images/018.Spotted_Catbird/Spotted_Catbird_0042_19430.jpg 17 185
./cub200/CUB_200_2011/images/003.Sooty_Albatross/Sooty_Albatross_0079_796389.jpg 2 186
./cub200/CUB_200_2011/images/033.Yellow_billed_Cuckoo/Yellow_Billed_Cuckoo_0038_26912.jpg 32 187
./cub200/CUB_200_2011/images/048.European_Goldfinch/European_Goldfinch_0097_794688.jpg 47 188
./cub200/CUB_200_2011/images/121.Grasshopper_Sparrow/Grasshopper_Sparrow_0020_116289.jpg 120 189
./cub200/CUB_200_2011/images/087.Mallard/Mallard_0052_76946.jpg 86 190
./cub200/CUB_200_2011/images/167.Hooded_Warbler/Hooded_Warbler_0134_164708.jpg 166 191
./cub200/CUB_200_2011/images/164.Cerulean_Warbler/Cerulean_Warbler_0091_163331.jpg 163 192
./cub200/CUB_200_2011/images/043.Yellow_bellied_Flycatcher/Yellow_Bellied_Flycatcher_0064_795466.jpg 42 193
./cub200/CUB_200_2011/images/050.Eared_Grebe/Eared_Grebe_0056_34098.jpg 49 194
./cub200/CUB_200_2011/images/104.American_Pipit/American_Pipit_0006_99857.jpg 103 195
./cub200/CUB_200_2011/images/138.Tree_Swallow/Tree_Swallow_0069_135148.jpg 137 196
./cub200/CUB_200_2011/images/051.Horned_Grebe/Horned_Grebe_0055_35104.jpg 50 197
./cub200/CUB_200_2011/images/143.Caspian_Tern/Caspian_Tern_0123_145774.jpg 142 198
./cub200/CUB_200_2011/images/125.Lincoln_Sparrow/Lincoln_Sparrow_0115_117216.jpg 124 199
./cub200/CUB_200_2011/images/131.Vesper_Sparrow/Vesper_Sparrow_0062_125669.jpg 130 200
./cub200/CUB_200_2011/images/095.Baltimore_Oriole/Baltimore_Oriole_0069_87839.jpg 94 201
./cub200/CUB_200_2011/images/168.Kentucky_Warbler/Kentucky_Warbler_0066_165290.jpg 167 202
./cub200/CUB_200_2011/images/117.Clay_colored_Sparrow/Clay_Colored_Sparrow_0029_110720.jpg 116 203
./cub200/CUB_200_2011/images/032.Mangrove_Cuckoo/Mangrove_Cuckoo_0036_794606.jpg 31 204
./cub200/CUB_200_2011/images/187.American_Three_toed_Woodpecker/American_Three_Toed_Woodpecker_0007_179932.jpg 186 205
./cub200/CUB_200_2011/images/170.Mourning_Warbler/Mourning_Warbler_0059_795365.jpg 169 206
./cub200/CUB_200_2011/images/008.Rhinoceros_Auklet/Rhinoceros_Auklet_0010_797545.jpg 7 207
./cub200/CUB_200_2011/images/094.White_breasted_Nuthatch/White_Breasted_Nuthatch_0111_86621.jpg 93 208
./cub200/CUB_200_2011/images/047.American_Goldfinch/American_Goldfinch_0092_32910.jpg 46 209
./cub200/CUB_200_2011/images/177.Prothonotary_Warbler/Prothonotary_Warbler_0037_173418.jpg 176 210
./cub200/CUB_200_2011/images/148.Green_tailed_Towhee/Green_Tailed_Towhee_0025_797401.jpg 147 211
./cub200/CUB_200_2011/images/104.American_Pipit/American_Pipit_0114_100380.jpg 103 212
./cub200/CUB_200_2011/images/139.Scarlet_Tanager/Scarlet_Tanager_0058_137710.jpg 138 213
./cub200/CUB_200_2011/images/127.Savannah_Sparrow/Savannah_Sparrow_0045_119398.jpg 126 214
./cub200/CUB_200_2011/images/084.Red_legged_Kittiwake/Red_Legged_Kittiwake_0031_795442.jpg 83 215
./cub200/CUB_200_2011/images/196.House_Wren/House_Wren_0094_187226.jpg 195 216
./cub200/CUB_200_2011/images/011.Rusty_Blackbird/Rusty_Blackbird_0121_6637.jpg 10 217
./cub200/CUB_200_2011/images/031.Black_billed_Cuckoo/Black_Billed_Cuckoo_0019_795329.jpg 30 218
./cub200/CUB_200_2011/images/055.Evening_Grosbeak/Evening_Grosbeak_0022_37761.jpg 54 219
./cub200/CUB_200_2011/images/078.Gray_Kingbird/Gray_Kingbird_0022_70155.jpg 77 220
./cub200/CUB_200_2011/images/045.Northern_Fulmar/Northern_Fulmar_0071_44146.jpg 44 221
./cub200/CUB_200_2011/images/009.Brewer_Blackbird/Brewer_Blackbird_0087_2622.jpg 8 222
./cub200/CUB_200_2011/images/083.White_breasted_Kingfisher/White_Breasted_Kingfisher_0011_73267.jpg 82 223
./cub200/CUB_200_2011/images/192.Downy_Woodpecker/Downy_Woodpecker_0038_184418.jpg 191 224
./cub200/CUB_200_2011/images/199.Winter_Wren/Winter_Wren_0026_189816.jpg 198 225
./cub200/CUB_200_2011/images/193.Bewick_Wren/Bewick_Wren_0099_185288.jpg 192 226
./cub200/CUB_200_2011/images/119.Field_Sparrow/Field_Sparrow_0110_113995.jpg 118 227
./cub200/CUB_200_2011/images/132.White_crowned_Sparrow/White_Crowned_Sparrow_0094_128627.jpg 131 228
./cub200/CUB_200_2011/images/058.Pigeon_Guillemot/Pigeon_Guillemot_0105_40078.jpg 57 229
./cub200/CUB_200_2011/images/175.Pine_Warbler/Pine_Warbler_0032_172080.jpg 174 230
./cub200/CUB_200_2011/images/057.Rose_breasted_Grosbeak/Rose_Breasted_Grosbeak_0086_39658.jpg 56 231
./cub200/CUB_200_2011/images/051.Horned_Grebe/Horned_Grebe_0103_34822.jpg 50 232
./cub200/CUB_200_2011/images/003.Sooty_Albatross/Sooty_Albatross_0057_796354.jpg 2 233
./cub200/CUB_200_2011/images/076.Dark_eyed_Junco/Dark_Eyed_Junco_0013_66332.jpg 75 234
./cub200/CUB_200_2011/images/042.Vermilion_Flycatcher/Vermilion_Flycatcher_0005_42478.jpg 41 235
./cub200/CUB_200_2011/images/152.Blue_headed_Vireo/Blue_Headed_Vireo_0121_156233.jpg 151 236
./cub200/CUB_200_2011/images/048.European_Goldfinch/European_Goldfinch_0076_33173.jpg 47 237
./cub200/CUB_200_2011/images/195.Carolina_Wren/Carolina_Wren_0086_186431.jpg 194 238
./cub200/CUB_200_2011/images/072.Pomarine_Jaeger/Pomarine_Jaeger_0072_795743.jpg 71 239
./cub200/CUB_200_2011/images/176.Prairie_Warbler/Prairie_Warbler_0031_172818.jpg 175 240
./cub200/CUB_200_2011/images/097.Orchard_Oriole/Orchard_Oriole_0046_91646.jpg 96 241
./cub200/CUB_200_2011/images/200.Common_Yellowthroat/Common_Yellowthroat_0126_190407.jpg 199 242
./cub200/CUB_200_2011/images/153.Philadelphia_Vireo/Philadelphia_Vireo_0024_156645.jpg 152 243
./cub200/CUB_200_2011/images/134.Cape_Glossy_Starling/Cape_Glossy_Starling_0030_129443.jpg 133 244
./cub200/CUB_200_2011/images/191.Red_headed_Woodpecker/Red_Headed_Woodpecker_0098_182732.jpg 190 245
./cub200/CUB_200_2011/images/023.Brandt_Cormorant/Brandt_Cormorant_0063_22865.jpg 22 246
./cub200/CUB_200_2011/images/006.Least_Auklet/Least_Auklet_0043_795067.jpg 5 247
./cub200/CUB_200_2011/images/012.Yellow_headed_Blackbird/Yellow_Headed_Blackbird_0086_8487.jpg 11 248
./cub200/CUB_200_2011/images/193.Bewick_Wren/Bewick_Wren_0083_185190.jpg 192 249
./cub200/CUB_200_2011/images/116.Chipping_Sparrow/Chipping_Sparrow_0038_109234.jpg 115 250
./cub200/CUB_200_2011/images/198.Rock_Wren/Rock_Wren_0118_188964.jpg 197 251
./cub200/CUB_200_2011/images/042.Vermilion_Flycatcher/Vermilion_Flycatcher_0040_42398.jpg 41 252
./cub200/CUB_200_2011/images/037.Acadian_Flycatcher/Acadian_Flycatcher_0009_29155.jpg 36 253
./cub200/CUB_200_2011/images/076.Dark_eyed_Junco/Dark_Eyed_Junco_0090_69051.jpg 75 254
./cub200/CUB_200_2011/images/071.Long_tailed_Jaeger/Long_Tailed_Jaeger_0058_60900.jpg 70 255
./cub200/CUB_200_2011/images/089.Hooded_Merganser/Hooded_Merganser_0034_796762.jpg 88 256
./cub200/CUB_200_2011/images/130.Tree_Sparrow/Tree_Sparrow_0130_124932.jpg 129 257
./cub200/CUB_200_2011/images/009.Brewer_Blackbird/Brewer_Blackbird_0111_2613.jpg 8 258
./cub200/CUB_200_2011/images/131.Vesper_Sparrow/Vesper_Sparrow_0073_125605.jpg 130 259
./cub200/CUB_200_2011/images/098.Scott_Oriole/Scott_Oriole_0083_795821.jpg 97 260
./cub200/CUB_200_2011/images/084.Red_legged_Kittiwake/Red_Legged_Kittiwake_0007_795402.jpg 83 261
./cub200/CUB_200_2011/images/048.European_Goldfinch/European_Goldfinch_0053_794639.jpg 47 262
./cub200/CUB_200_2011/images/198.Rock_Wren/Rock_Wren_0086_188944.jpg 197 263
./cub200/CUB_200_2011/images/163.Cape_May_Warbler/Cape_May_Warbler_0023_163133.jpg 162 264
./cub200/CUB_200_2011/images/138.Tree_Swallow/Tree_Swallow_0117_134925.jpg 137 265
./cub200/CUB_200_2011/images/060.Glaucous_winged_Gull/Glaucous_Winged_Gull_0067_45156.jpg 59 266
./cub200/CUB_200_2011/images/071.Long_tailed_Jaeger/Long_Tailed_Jaeger_0054_797088.jpg 70 267
./cub200/CUB_200_2011/images/084.Red_legged_Kittiwake/Red_Legged_Kittiwake_0004_73811.jpg 83 268
./cub200/CUB_200_2011/images/060.Glaucous_winged_Gull/Glaucous_Winged_Gull_0051_44543.jpg 59 269
./cub200/CUB_200_2011/images/086.Pacific_Loon/Pacific_Loon_0019_75422.jpg 85 270
./cub200/CUB_200_2011/images/087.Mallard/Mallard_0141_76977.jpg 86 271
./cub200/CUB_200_2011/images/112.Great_Grey_Shrike/Great_Grey_Shrike_0016_106720.jpg 111 272
./cub200/CUB_200_2011/images/154.Red_eyed_Vireo/Red_Eyed_Vireo_0131_156765.jpg 153 273
./cub200/CUB_200_2011/images/061.Heermann_Gull/Heermann_Gull_0024_45486.jpg 60 274
./cub200/CUB_200_2011/images/180.Wilson_Warbler/Wilson_Warbler_0083_175253.jpg 179 275
./cub200/CUB_200_2011/images/006.Least_Auklet/Least_Auklet_0050_1924.jpg 5 276
./cub200/CUB_200_2011/images/141.Artic_Tern/Artic_Tern_0080_140889.jpg 140 277
./cub200/CUB_200_2011/images/044.Frigatebird/Frigatebird_0004_43221.jpg 43 278
./cub200/CUB_200_2011/images/192.Downy_Woodpecker/Downy_Woodpecker_0043_184314.jpg 191 279
./cub200/CUB_200_2011/images/071.Long_tailed_Jaeger/Long_Tailed_Jaeger_0022_797074.jpg 70 280
./cub200/CUB_200_2011/images/196.House_Wren/House_Wren_0011_187547.jpg 195 281
./cub200/CUB_200_2011/images/113.Baird_Sparrow/Baird_Sparrow_0025_794564.jpg 112 282
./cub200/CUB_200_2011/images/158.Bay_breasted_Warbler/Bay_Breasted_Warbler_0011_159736.jpg 157 283
./cub200/CUB_200_2011/images/092.Nighthawk/Nighthawk_0083_83647.jpg 91 284
./cub200/CUB_200_2011/images/069.Rufous_Hummingbird/Rufous_Hummingbird_0116_58568.jpg 68 285
./cub200/CUB_200_2011/images/074.Florida_Jay/Florida_Jay_0092_64924.jpg 73 286
./cub200/CUB_200_2011/images/193.Bewick_Wren/Bewick_Wren_0050_184919.jpg 192 287
./cub200/CUB_200_2011/images/118.House_Sparrow/House_Sparrow_0139_112438.jpg 117 288
./cub200/CUB_200_2011/images/177.Prothonotary_Warbler/Prothonotary_Warbler_0079_173899.jpg 176 289
./cub200/CUB_200_2011/images/041.Scissor_tailed_Flycatcher/Scissor_Tailed_Flycatcher_0097_41701.jpg 40 290
./cub200/CUB_200_2011/images/100.Brown_Pelican/Brown_Pelican_0080_93439.jpg 99 291
./cub200/CUB_200_2011/images/123.Henslow_Sparrow/Henslow_Sparrow_0061_116751.jpg 122 292
./cub200/CUB_200_2011/images/119.Field_Sparrow/Field_Sparrow_0078_113575.jpg 118 293
./cub200/CUB_200_2011/images/031.Black_billed_Cuckoo/Black_Billed_Cuckoo_0053_795321.jpg 30 294
./cub200/CUB_200_2011/images/075.Green_Jay/Green_Jay_0066_65902.jpg 74 295
./cub200/CUB_200_2011/images/095.Baltimore_Oriole/Baltimore_Oriole_0119_88022.jpg 94 296
./cub200/CUB_200_2011/images/022.Chuck_will_Widow/Chuck_Will_Widow_0003_796977.jpg 21 297
./cub200/CUB_200_2011/images/004.Groove_billed_Ani/Groove_Billed_Ani_0055_1501.jpg 3 298
./cub200/CUB_200_2011/images/081.Pied_Kingfisher/Pied_Kingfisher_0093_72465.jpg 80 299
./cub200/CUB_200_2011/images/087.Mallard/Mallard_0013_77619.jpg 86 300
./cub200/CUB_200_2011/images/155.Warbling_Vireo/Warbling_Vireo_0104_158800.jpg 154 301
./cub200/CUB_200_2011/images/082.Ringed_Kingfisher/Ringed_Kingfisher_0039_71052.jpg 81 302
./cub200/CUB_200_2011/images/169.Magnolia_Warbler/Magnolia_Warbler_0063_166121.jpg 168 303
./cub200/CUB_200_2011/images/187.American_Three_toed_Woodpecker/American_Three_Toed_Woodpecker_0004_179908.jpg 186 304
./cub200/CUB_200_2011/images/105.Whip_poor_Will/Whip_Poor_Will_0037_796405.jpg 104 305
./cub200/CUB_200_2011/images/061.Heermann_Gull/Heermann_Gull_0100_45440.jpg 60 306
./cub200/CUB_200_2011/images/009.Brewer_Blackbird/Brewer_Blackbird_0132_2293.jpg 8 307
./cub200/CUB_200_2011/images/055.Evening_Grosbeak/Evening_Grosbeak_0075_37302.jpg 54 308
./cub200/CUB_200_2011/images/076.Dark_eyed_Junco/Dark_Eyed_Junco_0109_66326.jpg 75 309
./cub200/CUB_200_2011/images/170.Mourning_Warbler/Mourning_Warbler_0072_795379.jpg 169 310
./cub200/CUB_200_2011/images/136.Barn_Swallow/Barn_Swallow_0066_130214.jpg 135 311
./cub200/CUB_200_2011/images/187.American_Three_toed_Woodpecker/American_Three_Toed_Woodpecker_0006_179838.jpg 186 312
./cub200/CUB_200_2011/images/167.Hooded_Warbler/Hooded_Warbler_0129_90165.jpg 166 313
./cub200/CUB_200_2011/images/096.Hooded_Oriole/Hooded_Oriole_0038_90575.jpg 95 314
./cub200/CUB_200_2011/images/013.Bobolink/Bobolink_0107_10252.jpg 12 315
./cub200/CUB_200_2011/images/045.Northern_Fulmar/Northern_Fulmar_0095_43860.jpg 44 316
./cub200/CUB_200_2011/images/072.Pomarine_Jaeger/Pomarine_Jaeger_0046_61301.jpg 71 317
./cub200/CUB_200_2011/images/009.Brewer_Blackbird/Brewer_Blackbird_0115_2279.jpg 8 318
./cub200/CUB_200_2011/images/116.Chipping_Sparrow/Chipping_Sparrow_0025_108653.jpg 115 319
./cub200/CUB_200_2011/images/102.Western_Wood_Pewee/Western_Wood_Pewee_0003_795050.jpg 101 320
./cub200/CUB_200_2011/images/002.Laysan_Albatross/Laysan_Albatross_0094_1013.jpg 1 321
./cub200/CUB_200_2011/images/075.Green_Jay/Green_Jay_0032_65851.jpg 74 322
./cub200/CUB_200_2011/images/163.Cape_May_Warbler/Cape_May_Warbler_0001_139008.jpg 162 323
./cub200/CUB_200_2011/images/127.Savannah_Sparrow/Savannah_Sparrow_0066_119949.jpg 126 324
./cub200/CUB_200_2011/images/008.Rhinoceros_Auklet/Rhinoceros_Auklet_0014_797522.jpg 7 325
./cub200/CUB_200_2011/images/137.Cliff_Swallow/Cliff_Swallow_0108_133902.jpg 136 326
./cub200/CUB_200_2011/images/103.Sayornis/Sayornis_0011_98610.jpg 102 327
./cub200/CUB_200_2011/images/015.Lazuli_Bunting/Lazuli_Bunting_0061_15155.jpg 14 328
./cub200/CUB_200_2011/images/106.Horned_Puffin/Horned_Puffin_0042_100760.jpg 105 329
./cub200/CUB_200_2011/images/189.Red_bellied_Woodpecker/Red_Bellied_Woodpecker_0104_181616.jpg 188 330
./cub200/CUB_200_2011/images/160.Black_throated_Blue_Warbler/Black_Throated_Blue_Warbler_0130_161682.jpg 159 331
./cub200/CUB_200_2011/images/169.Magnolia_Warbler/Magnolia_Warbler_0090_166087.jpg 168 332
./cub200/CUB_200_2011/images/007.Parakeet_Auklet/Parakeet_Auklet_0080_795965.jpg 6 333
./cub200/CUB_200_2011/images/200.Common_Yellowthroat/Common_Yellowthroat_0075_190900.jpg 199 334
./cub200/CUB_200_2011/images/085.Horned_Lark/Horned_Lark_0059_74144.jpg 84 335
./cub200/CUB_200_2011/images/103.Sayornis/Sayornis_0070_99354.jpg 102 336
./cub200/CUB_200_2011/images/163.Cape_May_Warbler/Cape_May_Warbler_0111_162959.jpg 162 337
./cub200/CUB_200_2011/images/123.Henslow_Sparrow/Henslow_Sparrow_0087_116942.jpg 122 338
./cub200/CUB_200_2011/images/184.Louisiana_Waterthrush/Louisiana_Waterthrush_0082_177596.jpg 183 339
./cub200/CUB_200_2011/images/053.Western_Grebe/Western_Grebe_0028_36196.jpg 52 340
./cub200/CUB_200_2011/images/027.Shiny_Cowbird/Shiny_Cowbird_0062_24271.jpg 26 341
./cub200/CUB_200_2011/images/004.Groove_billed_Ani/Groove_Billed_Ani_0047_1706.jpg 3 342
./cub200/CUB_200_2011/images/149.Brown_Thrasher/Brown_Thrasher_0121_155320.jpg 148 343
./cub200/CUB_200_2011/images/037.Acadian_Flycatcher/Acadian_Flycatcher_0054_29113.jpg 36 344
./cub200/CUB_200_2011/images/121.Grasshopper_Sparrow/Grasshopper_Sparrow_0072_115663.jpg 120 345
./cub200/CUB_200_2011/images/001.Black_footed_Albatross/Black_Footed_Albatross_0032_796115.jpg 0 346
./cub200/CUB_200_2011/images/027.Shiny_Cowbird/Shiny_Cowbird_0010_24439.jpg 26 347
./cub200/CUB_200_2011/images/069.Rufous_Hummingbird/Rufous_Hummingbird_0120_59900.jpg 68 348
./cub200/CUB_200_2011/images/096.Hooded_Oriole/Hooded_Oriole_0115_90442.jpg 95 349
./cub200/CUB_200_2011/images/065.Slaty_backed_Gull/Slaty_Backed_Gull_0086_786387.jpg 64 350
./cub200/CUB_200_2011/images/080.Green_Kingfisher/Green_Kingfisher_0031_71229.jpg 79 351
./cub200/CUB_200_2011/images/012.Yellow_headed_Blackbird/Yellow_Headed_Blackbird_0003_8337.jpg 11 352
./cub200/CUB_200_2011/images/052.Pied_billed_Grebe/Pied_Billed_Grebe_0114_35493.jpg 51 353
./cub200/CUB_200_2011/images/178.Swainson_Warbler/Swainson_Warbler_0024_794885.jpg 177 354
./cub200/CUB_200_2011/images/187.American_Three_toed_Woodpecker/American_Three_Toed_Woodpecker_0049_796191.jpg 186 355
./cub200/CUB_200_2011/images/090.Red_breasted_Merganser/Red_Breasted_Merganser_0081_79396.jpg 89 356
./cub200/CUB_200_2011/images/100.Brown_Pelican/Brown_Pelican_0085_95053.jpg 99 357
./cub200/CUB_200_2011/images/024.Red_faced_Cormorant/Red_Faced_Cormorant_0042_796277.jpg 23 358
./cub200/CUB_200_2011/images/020.Yellow_breasted_Chat/Yellow_Breasted_Chat_0062_21673.jpg 19 359
./cub200/CUB_200_2011/images/151.Black_capped_Vireo/Black_Capped_Vireo_0024_155905.jpg 150 360
./cub200/CUB_200_2011/images/109.American_Redstart/American_Redstart_0036_103231.jpg 108 361
./cub200/CUB_200_2011/images/059.California_Gull/California_Gull_0103_41044.jpg 58 362
./cub200/CUB_200_2011/images/168.Kentucky_Warbler/Kentucky_Warbler_0031_165363.jpg 167 363
./cub200/CUB_200_2011/images/123.Henslow_Sparrow/Henslow_Sparrow_0018_116834.jpg 122 364
./cub200/CUB_200_2011/images/111.Loggerhead_Shrike/Loggerhead_Shrike_0084_105919.jpg 110 365
./cub200/CUB_200_2011/images/161.Blue_winged_Warbler/Blue_Winged_Warbler_0075_161844.jpg 160 366
./cub200/CUB_200_2011/images/067.Anna_Hummingbird/Anna_Hummingbird_0040_56293.jpg 66 367
./cub200/CUB_200_2011/images/095.Baltimore_Oriole/Baltimore_Oriole_0084_89684.jpg 94 368
./cub200/CUB_200_2011/images/099.Ovenbird/Ovenbird_0046_92821.jpg 98 369
./cub200/CUB_200_2011/images/048.European_Goldfinch/European_Goldfinch_0093_794653.jpg 47 370
./cub200/CUB_200_2011/images/122.Harris_Sparrow/Harris_Sparrow_0006_116364.jpg 121 371
./cub200/CUB_200_2011/images/140.Summer_Tanager/Summer_Tanager_0065_139198.jpg 139 372
./cub200/CUB_200_2011/images/063.Ivory_Gull/Ivory_Gull_0036_49754.jpg 62 373
./cub200/CUB_200_2011/images/111.Loggerhead_Shrike/Loggerhead_Shrike_0073_106097.jpg 110 374
./cub200/CUB_200_2011/images/041.Scissor_tailed_Flycatcher/Scissor_Tailed_Flycatcher_0106_41684.jpg 40 375
./cub200/CUB_200_2011/images/099.Ovenbird/Ovenbird_0112_93018.jpg 98 376
./cub200/CUB_200_2011/images/112.Great_Grey_Shrike/Great_Grey_Shrike_0049_797025.jpg 111 377
./cub200/CUB_200_2011/images/083.White_breasted_Kingfisher/White_Breasted_Kingfisher_0085_73363.jpg 82 378
./cub200/CUB_200_2011/images/113.Baird_Sparrow/Baird_Sparrow_0032_794553.jpg 112 379
./cub200/CUB_200_2011/images/197.Marsh_Wren/Marsh_Wren_0095_188371.jpg 196 380
./cub200/CUB_200_2011/images/027.Shiny_Cowbird/Shiny_Cowbird_0066_24358.jpg 26 381
./cub200/CUB_200_2011/images/176.Prairie_Warbler/Prairie_Warbler_0025_165306.jpg 175 382
./cub200/CUB_200_2011/images/139.Scarlet_Tanager/Scarlet_Tanager_0042_138287.jpg 138 383
./cub200/CUB_200_2011/images/031.Black_billed_Cuckoo/Black_Billed_Cuckoo_0074_795286.jpg 30 384
./cub200/CUB_200_2011/images/159.Black_and_white_Warbler/Black_And_White_Warbler_0074_160361.jpg 158 385
./cub200/CUB_200_2011/images/155.Warbling_Vireo/Warbling_Vireo_0079_158791.jpg 154 386
./cub200/CUB_200_2011/images/153.Philadelphia_Vireo/Philadelphia_Vireo_0087_794767.jpg 152 387
./cub200/CUB_200_2011/images/003.Sooty_Albatross/Sooty_Albatross_0072_796371.jpg 2 388
./cub200/CUB_200_2011/images/177.Prothonotary_Warbler/Prothonotary_Warbler_0021_173816.jpg 176 389
./cub200/CUB_200_2011/images/171.Myrtle_Warbler/Myrtle_Warbler_0025_166704.jpg 170 390
./cub200/CUB_200_2011/images/121.Grasshopper_Sparrow/Grasshopper_Sparrow_0042_115638.jpg 120 391
./cub200/CUB_200_2011/images/182.Yellow_Warbler/Yellow_Warbler_0018_176674.jpg 181 392
./cub200/CUB_200_2011/images/168.Kentucky_Warbler/Kentucky_Warbler_0072_165305.jpg 167 393
./cub200/CUB_200_2011/images/028.Brown_Creeper/Brown_Creeper_0059_25010.jpg 27 394
./cub200/CUB_200_2011/images/196.House_Wren/House_Wren_0112_187355.jpg 195 395
./cub200/CUB_200_2011/images/154.Red_eyed_Vireo/Red_Eyed_Vireo_0083_157063.jpg 153 396
./cub200/CUB_200_2011/images/114.Black_throated_Sparrow/Black_Throated_Sparrow_0090_107295.jpg 113 397
./cub200/CUB_200_2011/images/036.Northern_Flicker/Northern_Flicker_0077_28341.jpg 35 398
./cub200/CUB_200_2011/images/157.Yellow_throated_Vireo/Yellow_Throated_Vireo_0040_159624.jpg 156 399
./cub200/CUB_200_2011/images/172.Nashville_Warbler/Nashville_Warbler_0051_167250.jpg 171 400
./cub200/CUB_200_2011/images/139.Scarlet_Tanager/Scarlet_Tanager_0089_138281.jpg 138 401
./cub200/CUB_200_2011/images/113.Baird_Sparrow/Baird_Sparrow_0018_794584.jpg 112 402
./cub200/CUB_200_2011/images/095.Baltimore_Oriole/Baltimore_Oriole_0131_87542.jpg 94 403
./cub200/CUB_200_2011/images/147.Least_Tern/Least_Tern_0109_154127.jpg 146 404
./cub200/CUB_200_2011/images/066.Western_Gull/Western_Gull_0051_54320.jpg 65 405
./cub200/CUB_200_2011/images/047.American_Goldfinch/American_Goldfinch_0056_32169.jpg 46 406
./cub200/CUB_200_2011/images/062.Herring_Gull/Herring_Gull_0106_46930.jpg 61 407
./cub200/CUB_200_2011/images/180.Wilson_Warbler/Wilson_Warbler_0065_175924.jpg 179 408
./cub200/CUB_200_2011/images/017.Cardinal/Cardinal_0054_19334.jpg 16 409
./cub200/CUB_200_2011/images/148.Green_tailed_Towhee/Green_Tailed_Towhee_0074_154915.jpg 147 410
./cub200/CUB_200_2011/images/001.Black_footed_Albatross/Black_Footed_Albatross_0056_796078.jpg 0 411
./cub200/CUB_200_2011/images/191.Red_headed_Woodpecker/Red_Headed_Woodpecker_0014_183701.jpg 190 412
./cub200/CUB_200_2011/images/046.Gadwall/Gadwall_0048_31312.jpg 45 413
./cub200/CUB_200_2011/images/072.Pomarine_Jaeger/Pomarine_Jaeger_0026_61273.jpg 71 414
./cub200/CUB_200_2011/images/009.Brewer_Blackbird/Brewer_Blackbird_0140_2586.jpg 8 415
./cub200/CUB_200_2011/images/108.White_necked_Raven/White_Necked_Raven_0010_797350.jpg 107 416
./cub200/CUB_200_2011/images/132.White_crowned_Sparrow/White_Crowned_Sparrow_0114_127027.jpg 131 417
./cub200/CUB_200_2011/images/183.Northern_Waterthrush/Northern_Waterthrush_0103_177162.jpg 182 418
./cub200/CUB_200_2011/images/090.Red_breasted_Merganser/Red_Breasted_Merganser_0078_79393.jpg 89 419
./cub200/CUB_200_2011/images/158.Bay_breasted_Warbler/Bay_Breasted_Warbler_0079_159998.jpg 157 420
./cub200/CUB_200_2011/images/123.Henslow_Sparrow/Henslow_Sparrow_0027_796543.jpg 122 421
./cub200/CUB_200_2011/images/150.Sage_Thrasher/Sage_Thrasher_0018_796443.jpg 149 422
./cub200/CUB_200_2011/images/193.Bewick_Wren/Bewick_Wren_0088_184733.jpg 192 423
./cub200/CUB_200_2011/images/149.Brown_Thrasher/Brown_Thrasher_0074_155339.jpg 148 424
./cub200/CUB_200_2011/images/168.Kentucky_Warbler/Kentucky_Warbler_0059_795905.jpg 167 425
./cub200/CUB_200_2011/images/125.Lincoln_Sparrow/Lincoln_Sparrow_0070_117342.jpg 124 426
./cub200/CUB_200_2011/images/117.Clay_colored_Sparrow/Clay_Colored_Sparrow_0078_110912.jpg 116 427
./cub200/CUB_200_2011/images/136.Barn_Swallow/Barn_Swallow_0077_130707.jpg 135 428
./cub200/CUB_200_2011/images/163.Cape_May_Warbler/Cape_May_Warbler_0084_163132.jpg 162 429
./cub200/CUB_200_2011/images/102.Western_Wood_Pewee/Western_Wood_Pewee_0028_795057.jpg 101 430
./cub200/CUB_200_2011/images/141.Artic_Tern/Artic_Tern_0047_143549.jpg 140 431
./cub200/CUB_200_2011/images/170.Mourning_Warbler/Mourning_Warbler_0051_795352.jpg 169 432
./cub200/CUB_200_2011/images/109.American_Redstart/American_Redstart_0087_103371.jpg 108 433
./cub200/CUB_200_2011/images/103.Sayornis/Sayornis_0002_98596.jpg 102 434
./cub200/CUB_200_2011/images/180.Wilson_Warbler/Wilson_Warbler_0129_175256.jpg 179 435
./cub200/CUB_200_2011/images/174.Palm_Warbler/Palm_Warbler_0118_170081.jpg 173 436
./cub200/CUB_200_2011/images/131.Vesper_Sparrow/Vesper_Sparrow_0017_125534.jpg 130 437
./cub200/CUB_200_2011/images/055.Evening_Grosbeak/Evening_Grosbeak_0133_37976.jpg 54 438
./cub200/CUB_200_2011/images/141.Artic_Tern/Artic_Tern_0046_140986.jpg 140 439
./cub200/CUB_200_2011/images/074.Florida_Jay/Florida_Jay_0111_64651.jpg 73 440
./cub200/CUB_200_2011/images/028.Brown_Creeper/Brown_Creeper_0074_24789.jpg 27 441
./cub200/CUB_200_2011/images/190.Red_cockaded_Woodpecker/Red_Cockaded_Woodpecker_0010_182451.jpg 189 442
./cub200/CUB_200_2011/images/196.House_Wren/House_Wren_0091_188046.jpg 195 443
./cub200/CUB_200_2011/images/170.Mourning_Warbler/Mourning_Warbler_0002_166520.jpg 169 444
./cub200/CUB_200_2011/images/188.Pileated_Woodpecker/Pileated_Woodpecker_0030_180208.jpg 187 445
./cub200/CUB_200_2011/images/082.Ringed_Kingfisher/Ringed_Kingfisher_0016_73029.jpg 81 446
./cub200/CUB_200_2011/images/010.Red_winged_Blackbird/Red_Winged_Blackbird_0085_5846.jpg 9 447
./cub200/CUB_200_2011/images/106.Horned_Puffin/Horned_Puffin_0030_100725.jpg 105 448
./cub200/CUB_200_2011/images/001.Black_footed_Albatross/Black_Footed_Albatross_0017_796098.jpg 0 449
./cub200/CUB_200_2011/images/076.Dark_eyed_Junco/Dark_Eyed_Junco_0056_67498.jpg 75 450
./cub200/CUB_200_2011/images/042.Vermilion_Flycatcher/Vermilion_Flycatcher_0060_42293.jpg 41 451
./cub200/CUB_200_2011/images/178.Swainson_Warbler/Swainson_Warbler_0038_794882.jpg 177 452
./cub200/CUB_200_2011/images/116.Chipping_Sparrow/Chipping_Sparrow_0010_109760.jpg 115 453
./cub200/CUB_200_2011/images/143.Caspian_Tern/Caspian_Tern_0011_146058.jpg 142 454
./cub200/CUB_200_2011/images/048.European_Goldfinch/European_Goldfinch_0008_33153.jpg 47 455
./cub200/CUB_200_2011/images/111.Loggerhead_Shrike/Loggerhead_Shrike_0109_105710.jpg 110 456
./cub200/CUB_200_2011/images/036.Northern_Flicker/Northern_Flicker_0008_28591.jpg 35 457
./cub200/CUB_200_2011/images/178.Swainson_Warbler/Swainson_Warbler_0023_174717.jpg 177 458
./cub200/CUB_200_2011/images/096.Hooded_Oriole/Hooded_Oriole_0068_90397.jpg 95 459
./cub200/CUB_200_2011/images/091.Mockingbird/Mockingbird_0087_79600.jpg 90 460
./cub200/CUB_200_2011/images/026.Bronzed_Cowbird/Bronzed_Cowbird_0002_796244.jpg 25 461
./cub200/CUB_200_2011/images/024.Red_faced_Cormorant/Red_Faced_Cormorant_0056_796297.jpg 23 462
./cub200/CUB_200_2011/images/147.Least_Tern/Least_Tern_0016_153560.jpg 146 463
./cub200/CUB_200_2011/images/049.Boat_tailed_Grackle/Boat_Tailed_Grackle_0068_33387.jpg 48 464
./cub200/CUB_200_2011/images/166.Golden_winged_Warbler/Golden_Winged_Warbler_0078_794827.jpg 165 465
./cub200/CUB_200_2011/images/055.Evening_Grosbeak/Evening_Grosbeak_0101_37697.jpg 54 466
./cub200/CUB_200_2011/images/141.Artic_Tern/Artic_Tern_0052_143244.jpg 140 467
./cub200/CUB_200_2011/images/015.Lazuli_Bunting/Lazuli_Bunting_0004_14887.jpg 14 468
./cub200/CUB_200_2011/images/138.Tree_Swallow/Tree_Swallow_0058_134987.jpg 137 469
./cub200/CUB_200_2011/images/198.Rock_Wren/Rock_Wren_0125_188951.jpg 197 470
./cub200/CUB_200_2011/images/082.Ringed_Kingfisher/Ringed_Kingfisher_0050_73002.jpg 81 471
./cub200/CUB_200_2011/images/039.Least_Flycatcher/Least_Flycatcher_0013_30240.jpg 38 472
./cub200/CUB_200_2011/images/105.Whip_poor_Will/Whip_Poor_Will_0012_796414.jpg 104 473
./cub200/CUB_200_2011/images/056.Pine_Grosbeak/Pine_Grosbeak_0033_38945.jpg 55 474
./cub200/CUB_200_2011/images/072.Pomarine_Jaeger/Pomarine_Jaeger_0012_795773.jpg 71 475
./cub200/CUB_200_2011/images/176.Prairie_Warbler/Prairie_Warbler_0107_173080.jpg 175 476
./cub200/CUB_200_2011/images/077.Tropical_Kingbird/Tropical_Kingbird_0096_69684.jpg 76 477
./cub200/CUB_200_2011/images/063.Ivory_Gull/Ivory_Gull_0098_49810.jpg 62 478
./cub200/CUB_200_2011/images/021.Eastern_Towhee/Eastern_Towhee_0021_22152.jpg 20 479
./cub200/CUB_200_2011/images/140.Summer_Tanager/Summer_Tanager_0006_140137.jpg 139 480
./cub200/CUB_200_2011/images/007.Parakeet_Auklet/Parakeet_Auklet_0078_2004.jpg 6 481
./cub200/CUB_200_2011/images/191.Red_headed_Woodpecker/Red_Headed_Woodpecker_0063_183358.jpg 190 482
./cub200/CUB_200_2011/images/013.Bobolink/Bobolink_0092_10026.jpg 12 483
./cub200/CUB_200_2011/images/040.Olive_sided_Flycatcher/Olive_Sided_Flycatcher_0035_30799.jpg 39 484
./cub200/CUB_200_2011/images/024.Red_faced_Cormorant/Red_Faced_Cormorant_0007_796280.jpg 23 485
./cub200/CUB_200_2011/images/020.Yellow_breasted_Chat/Yellow_Breasted_Chat_0065_22137.jpg 19 486
./cub200/CUB_200_2011/images/127.Savannah_Sparrow/Savannah_Sparrow_0091_120630.jpg 126 487
./cub200/CUB_200_2011/images/130.Tree_Sparrow/Tree_Sparrow_0046_125344.jpg 129 488
./cub200/CUB_200_2011/images/004.Groove_billed_Ani/Groove_Billed_Ani_0044_1731.jpg 3 489
./cub200/CUB_200_2011/images/070.Green_Violetear/Green_Violetear_0050_795633.jpg 69 490
./cub200/CUB_200_2011/images/133.White_throated_Sparrow/White_Throated_Sparrow_0071_128915.jpg 132 491
./cub200/CUB_200_2011/images/051.Horned_Grebe/Horned_Grebe_0011_34687.jpg 50 492
./cub200/CUB_200_2011/images/192.Downy_Woodpecker/Downy_Woodpecker_0040_184061.jpg 191 493
./cub200/CUB_200_2011/images/095.Baltimore_Oriole/Baltimore_Oriole_0038_87083.jpg 94 494
./cub200/CUB_200_2011/images/064.Ring_billed_Gull/Ring_Billed_Gull_0027_51266.jpg 63 495
./cub200/CUB_200_2011/images/045.Northern_Fulmar/Northern_Fulmar_0039_43689.jpg 44 496
./cub200/CUB_200_2011/images/130.Tree_Sparrow/Tree_Sparrow_0129_124960.jpg 129 497
./cub200/CUB_200_2011/images/165.Chestnut_sided_Warbler/Chestnut_Sided_Warbler_0013_163749.jpg 164 498
./cub200/CUB_200_2011/images/089.Hooded_Merganser/Hooded_Merganser_0006_796778.jpg 88 499
./cub200/CUB_200_2011/images/164.Cerulean_Warbler/Cerulean_Warbler_0033_797176.jpg 163 500
./cub200/CUB_200_2011/images/162.Canada_Warbler/Canada_Warbler_0007_162364.jpg 161 501
./cub200/CUB_200_2011/images/177.Prothonotary_Warbler/Prothonotary_Warbler_0046_174104.jpg 176 502
./cub200/CUB_200_2011/images/187.American_Three_toed_Woodpecker/American_Three_Toed_Woodpecker_0021_179832.jpg 186 503
./cub200/CUB_200_2011/images/161.Blue_winged_Warbler/Blue_Winged_Warbler_0037_161999.jpg 160 504
./cub200/CUB_200_2011/images/178.Swainson_Warbler/Swainson_Warbler_0036_174699.jpg 177 505
./cub200/CUB_200_2011/images/138.Tree_Swallow/Tree_Swallow_0105_134648.jpg 137 506
./cub200/CUB_200_2011/images/110.Geococcyx/Geococcyx_0117_104227.jpg 109 507
./cub200/CUB_200_2011/images/106.Horned_Puffin/Horned_Puffin_0082_100876.jpg 105 508
./cub200/CUB_200_2011/images/156.White_eyed_Vireo/White_Eyed_Vireo_0129_158823.jpg 155 509
./cub200/CUB_200_2011/images/060.Glaucous_winged_Gull/Glaucous_Winged_Gull_0034_44625.jpg 59 510
./cub200/CUB_200_2011/images/048.European_Goldfinch/European_Goldfinch_0045_794690.jpg 47 511
./cub200/CUB_200_2011/images/113.Baird_Sparrow/Baird_Sparrow_0029_794583.jpg 112 512
./cub200/CUB_200_2011/images/119.Field_Sparrow/Field_Sparrow_0027_113353.jpg 118 513
./cub200/CUB_200_2011/images/072.Pomarine_Jaeger/Pomarine_Jaeger_0071_795769.jpg 71 514
./cub200/CUB_200_2011/images/010.Red_winged_Blackbird/Red_Winged_Blackbird_0049_5598.jpg 9 515
./cub200/CUB_200_2011/images/185.Bohemian_Waxwing/Bohemian_Waxwing_0114_177621.jpg 184 516
./cub200/CUB_200_2011/images/069.Rufous_Hummingbird/Rufous_Hummingbird_0077_59452.jpg 68 517
./cub200/CUB_200_2011/images/147.Least_Tern/Least_Tern_0020_153458.jpg 146 518
./cub200/CUB_200_2011/images/144.Common_Tern/Common_Tern_0077_149196.jpg 143 519
./cub200/CUB_200_2011/images/083.White_breasted_Kingfisher/White_Breasted_Kingfisher_0118_73511.jpg 82 520
./cub200/CUB_200_2011/images/170.Mourning_Warbler/Mourning_Warbler_0052_166537.jpg 169 521
./cub200/CUB_200_2011/images/124.Le_Conte_Sparrow/Le_Conte_Sparrow_0089_795154.jpg 123 522
./cub200/CUB_200_2011/images/160.Black_throated_Blue_Warbler/Black_Throated_Blue_Warbler_0043_161438.jpg 159 523
./cub200/CUB_200_2011/images/111.Loggerhead_Shrike/Loggerhead_Shrike_0129_106389.jpg 110 524
./cub200/CUB_200_2011/images/117.Clay_colored_Sparrow/Clay_Colored_Sparrow_0044_110942.jpg 116 525
./cub200/CUB_200_2011/images/054.Blue_Grosbeak/Blue_Grosbeak_0004_14988.jpg 53 526
./cub200/CUB_200_2011/images/002.Laysan_Albatross/Laysan_Albatross_0068_726.jpg 1 527
./cub200/CUB_200_2011/images/103.Sayornis/Sayornis_0098_98419.jpg 102 528
./cub200/CUB_200_2011/images/023.Brandt_Cormorant/Brandt_Cormorant_0009_22890.jpg 22 529
./cub200/CUB_200_2011/images/026.Bronzed_Cowbird/Bronzed_Cowbird_0011_24138.jpg 25 530
./cub200/CUB_200_2011/images/082.Ringed_Kingfisher/Ringed_Kingfisher_0024_73178.jpg 81 531
./cub200/CUB_200_2011/images/014.Indigo_Bunting/Indigo_Bunting_0022_12781.jpg 13 532
./cub200/CUB_200_2011/images/086.Pacific_Loon/Pacific_Loon_0065_75588.jpg 85 533
./cub200/CUB_200_2011/images/115.Brewer_Sparrow/Brewer_Sparrow_0046_796696.jpg 114 534
./cub200/CUB_200_2011/images/073.Blue_Jay/Blue_Jay_0013_61463.jpg 72 535
./cub200/CUB_200_2011/images/035.Purple_Finch/Purple_Finch_0011_27633.jpg 34 536
./cub200/CUB_200_2011/images/125.Lincoln_Sparrow/Lincoln_Sparrow_0087_117444.jpg 124 537
./cub200/CUB_200_2011/images/041.Scissor_tailed_Flycatcher/Scissor_Tailed_Flycatcher_0016_42111.jpg 40 538
./cub200/CUB_200_2011/images/040.Olive_sided_Flycatcher/Olive_Sided_Flycatcher_0005_30734.jpg 39 539
./cub200/CUB_200_2011/images/038.Great_Crested_Flycatcher/Great_Crested_Flycatcher_0107_29501.jpg 37 540
./cub200/CUB_200_2011/images/078.Gray_Kingbird/Gray_Kingbird_0028_70303.jpg 77 541
./cub200/CUB_200_2011/images/019.Gray_Catbird/Gray_Catbird_0067_21043.jpg 18 542
./cub200/CUB_200_2011/images/062.Herring_Gull/Herring_Gull_0094_47172.jpg 61 543
./cub200/CUB_200_2011/images/038.Great_Crested_Flycatcher/Great_Crested_Flycatcher_0048_29586.jpg 37 544
./cub200/CUB_200_2011/images/033.Yellow_billed_Cuckoo/Yellow_Billed_Cuckoo_0026_26794.jpg 32 545
./cub200/CUB_200_2011/images/075.Green_Jay/Green_Jay_0015_65796.jpg 74 546
./cub200/CUB_200_2011/images/012.Yellow_headed_Blackbird/Yellow_Headed_Blackbird_0070_8583.jpg 11 547
./cub200/CUB_200_2011/images/112.Great_Grey_Shrike/Great_Grey_Shrike_0003_106552.jpg 111 548
./cub200/CUB_200_2011/images/139.Scarlet_Tanager/Scarlet_Tanager_0077_137626.jpg 138 549
./cub200/CUB_200_2011/images/153.Philadelphia_Vireo/Philadelphia_Vireo_0047_156521.jpg 152 550
./cub200/CUB_200_2011/images/088.Western_Meadowlark/Western_Meadowlark_0024_78432.jpg 87 551
./cub200/CUB_200_2011/images/106.Horned_Puffin/Horned_Puffin_0022_100766.jpg 105 552
./cub200/CUB_200_2011/images/144.Common_Tern/Common_Tern_0113_147949.jpg 143 553
./cub200/CUB_200_2011/images/054.Blue_Grosbeak/Blue_Grosbeak_0020_36967.jpg 53 554
./cub200/CUB_200_2011/images/174.Palm_Warbler/Palm_Warbler_0060_168686.jpg 173 555
./cub200/CUB_200_2011/images/193.Bewick_Wren/Bewick_Wren_0107_184908.jpg 192 556
./cub200/CUB_200_2011/images/165.Chestnut_sided_Warbler/Chestnut_Sided_Warbler_0110_164023.jpg 164 557
./cub200/CUB_200_2011/images/048.European_Goldfinch/European_Goldfinch_0107_794655.jpg 47 558
./cub200/CUB_200_2011/images/096.Hooded_Oriole/Hooded_Oriole_0070_90221.jpg 95 559
./cub200/CUB_200_2011/images/155.Warbling_Vireo/Warbling_Vireo_0076_158500.jpg 154 560
./cub200/CUB_200_2011/images/073.Blue_Jay/Blue_Jay_0024_63167.jpg 72 561
./cub200/CUB_200_2011/images/028.Brown_Creeper/Brown_Creeper_0114_24649.jpg 27 562
./cub200/CUB_200_2011/images/130.Tree_Sparrow/Tree_Sparrow_0074_124408.jpg 129 563
./cub200/CUB_200_2011/images/094.White_breasted_Nuthatch/White_Breasted_Nuthatch_0077_86462.jpg 93 564
./cub200/CUB_200_2011/images/015.Lazuli_Bunting/Lazuli_Bunting_0027_14895.jpg 14 565
./cub200/CUB_200_2011/images/111.Loggerhead_Shrike/Loggerhead_Shrike_0018_26407.jpg 110 566
./cub200/CUB_200_2011/images/182.Yellow_Warbler/Yellow_Warbler_0056_176320.jpg 181 567
./cub200/CUB_200_2011/images/100.Brown_Pelican/Brown_Pelican_0121_94067.jpg 99 568
./cub200/CUB_200_2011/images/112.Great_Grey_Shrike/Great_Grey_Shrike_0045_797047.jpg 111 569
./cub200/CUB_200_2011/images/016.Painted_Bunting/Painted_Bunting_0055_15208.jpg 15 570
./cub200/CUB_200_2011/images/047.American_Goldfinch/American_Goldfinch_0121_32725.jpg 46 571
./cub200/CUB_200_2011/images/070.Green_Violetear/Green_Violetear_0079_795685.jpg 69 572
./cub200/CUB_200_2011/images/195.Carolina_Wren/Carolina_Wren_0065_186517.jpg 194 573
./cub200/CUB_200_2011/images/074.Florida_Jay/Florida_Jay_0008_64482.jpg 73 574
./cub200/CUB_200_2011/images/157.Yellow_throated_Vireo/Yellow_Throated_Vireo_0064_794992.jpg 156 575
./cub200/CUB_200_2011/images/032.Mangrove_Cuckoo/Mangrove_Cuckoo_0044_26393.jpg 31 576
./cub200/CUB_200_2011/images/065.Slaty_backed_Gull/Slaty_Backed_Gull_0060_796052.jpg 64 577
./cub200/CUB_200_2011/images/022.Chuck_will_Widow/Chuck_Will_Widow_0034_796969.jpg 21 578
./cub200/CUB_200_2011/images/131.Vesper_Sparrow/Vesper_Sparrow_0084_125532.jpg 130 579
./cub200/CUB_200_2011/images/035.Purple_Finch/Purple_Finch_0134_27526.jpg 34 580
./cub200/CUB_200_2011/images/041.Scissor_tailed_Flycatcher/Scissor_Tailed_Flycatcher_0085_41830.jpg 40 581
./cub200/CUB_200_2011/images/183.Northern_Waterthrush/Northern_Waterthrush_0009_177078.jpg 182 582
./cub200/CUB_200_2011/images/134.Cape_Glossy_Starling/Cape_Glossy_Starling_0077_129378.jpg 133 583
./cub200/CUB_200_2011/images/093.Clark_Nutcracker/Clark_Nutcracker_0071_85125.jpg 92 584
./cub200/CUB_200_2011/images/085.Horned_Lark/Horned_Lark_0025_75003.jpg 84 585
./cub200/CUB_200_2011/images/185.Bohemian_Waxwing/Bohemian_Waxwing_0113_177823.jpg 184 586
./cub200/CUB_200_2011/images/138.Tree_Swallow/Tree_Swallow_0087_137354.jpg 137 587
./cub200/CUB_200_2011/images/157.Yellow_throated_Vireo/Yellow_Throated_Vireo_0058_794994.jpg 156 588
./cub200/CUB_200_2011/images/048.European_Goldfinch/European_Goldfinch_0100_794685.jpg 47 589
./cub200/CUB_200_2011/images/128.Seaside_Sparrow/Seaside_Sparrow_0017_796513.jpg 127 590
./cub200/CUB_200_2011/images/064.Ring_billed_Gull/Ring_Billed_Gull_0020_50204.jpg 63 591
./cub200/CUB_200_2011/images/161.Blue_winged_Warbler/Blue_Winged_Warbler_0091_162051.jpg 160 592
./cub200/CUB_200_2011/images/032.Mangrove_Cuckoo/Mangrove_Cuckoo_0014_26388.jpg 31 593
./cub200/CUB_200_2011/images/051.Horned_Grebe/Horned_Grebe_0099_34989.jpg 50 594
./cub200/CUB_200_2011/images/159.Black_and_white_Warbler/Black_And_White_Warbler_0028_160371.jpg 158 595
./cub200/CUB_200_2011/images/092.Nighthawk/Nighthawk_0014_82624.jpg 91 596
./cub200/CUB_200_2011/images/017.Cardinal/Cardinal_0039_17597.jpg 16 597
./cub200/CUB_200_2011/images/068.Ruby_throated_Hummingbird/Ruby_Throated_Hummingbird_0071_57886.jpg 67 598
